INSERT INTO `account`
VALUES ('AFv78KupgVVAHl7BLMyNmaomkxG2',
        '2022-02-10 00:00:00', 'quyendqse150975@fpt.edu.vn',
        '', _binary '\0', _binary '\0', '4',
        NULL, 1, '2022-12-16 00:00:00', 'quyen'),
       ('eST4k1Y5o1g5CDHek9wGSjbyfFA3',
        '2023-01-15 00:00:00', 'thuynvuanh2412@gmail.com',
        '', _binary '\0', _binary '\0', '1',
        NULL, 0, '2022-07-19 00:00:00', 'admin'),
       ('moIkAcoRmxQfBdYj0DUltFhxyyn1',
        '2022-02-10 00:00:00', 'thuyenvase161502@fpt.edu.vn',
        '', _binary '\0', _binary '\0', '5',
        NULL, 1, '2022-12-16 00:00:00', 'thuyen'),
       ('t7maa0qYnhUjhK0n6eUYNvwsgEr1',
        '2022-02-10 00:00:00', 'phamhuy09042002@gmail.com',
        '', _binary '\0', _binary '\0', '3',
        NULL, 1, '2022-12-16 00:00:00', 'huy'),
       ('Uy3z8txHALNF43J9V1hXxlX33Os2',
        '2022-02-10 00:00:00', 'taictse161569@fpt.edu.vn',
        '', _binary '\0', _binary '\0', '2',
        NULL, 1, '2022-12-16 00:00:00', 'tai');

INSERT INTO `job_type`
VALUES (1, 'Việc khối văn phòng'),
       (2, 'Việc ở siêu thị, kho');

INSERT INTO `job`
VALUES (1, '12 ngày phép năm', '2023-05-04 00:00:00',
        'Quản lý, đào tạo, tuyển dụng và phân phối công việc cho đội thực tập sinh (TTS), cộng tác viên (CTV) (ít nhất 4 TTS, 8 CTV).',
        '2023-05-04 00:00:00', 'Bắt buộc sử dụng vi tính văn phòng (Word, Excel, PP, …)',
        NULL, '2023-05-04 00:00:00', 1, '77f29f0d-8f06-4f3e-9a2b-07d973ed352e'),
       (2, 'Môi trường làm việc thân thiện chuyên nghiệp',
        '2023-05-04 00:00:00', 'Quản lí bảo dưỡng danh sách các xe được phân công.',
        '2023-05-04 00:00:00', 'Bắt buộc sử dụng vi tính văn phòng (Word, Excel, PP, …)',
        NULL, '2023-05-07 00:00:00', 2, '77f29f0d-8f06-4f3e-9a2b-07d973ed352e'),
       (3, 'Môi trường làm việc thân thiện chuyên nghiệp',
        '2023-05-04 00:00:00', 'Tư vấn bán hàng SP cho Khách Hàng',
        '2023-05-04 00:00:00', 'Bắt buộc sử dụng vi tính văn phòng (Word, Excel, PP, …)',
        NULL, '2023-05-09 00:00:00', 1, '77f29f0d-8f06-4f3e-9a2b-07d973ed352e'),
       (4, 'Môi trường làm việc thân thiện chuyên nghiệp',
        '2023-05-04 00:00:00', 'Tư vấn, giới thiệu sản phẩm và bán hàng máy lọc nước, cây nóng lạnh Karofi',
        '2023-05-04 00:00:00', 'Bắt buộc sử dụng vi tính văn phòng (Word, Excel, PP, …)',
        NULL, '2023-05-04 00:00:00', 1, '77f29f0d-8f06-4f3e-9a2b-07d973ed352e'),
       (5, 'Môi trường làm việc thân thiện chuyên nghiệp',
        '2023-05-04 00:00:00', 'Tư vấn, giới thiệu sản phẩm và bán hàng máy lọc nước, cây nóng lạnh Karofi',
        '2023-05-04 00:00:00', 'Bắt buộc sử dụng vi tính văn phòng (Word, Excel, PP, …)',
        NULL, '2023-05-02 00:00:00', 1, '77f29f0d-8f06-4f3e-9a2b-07d973ed352e'),
       (6, 'Môi trường làm việc thân thiện chuyên nghiệp',
        '2023-05-04 00:00:00', ' Bán hàng',
        '2023-05-04 00:00:00', 'Bắt buộc sử dụng vi tính văn phòng (Word, Excel, PP, …)',
        NULL, '2024-05-04 00:00:00', 1, '77f29f0d-8f06-4f3e-9a2b-07d973ed352e'),
       (7, 'Môi trường làm việc thân thiện chuyên nghiệp',
        '2023-05-04 00:00:00',
        'aaaaaaaaaaaaaaaaaaaaaaaaaaaaaaaaabbbbbbbbbbbbbbbbbbbbbbbbbbbbbbbbbbbbrrrrrrrrrrrrrrrrrrrrrrrr',
        '2023-05-04 00:00:00', 'Bắt buộc sử dụng vi tính văn phòng (Word, Excel, PP, …)',
        NULL, '2024-05-03 00:00:00', 2, '77f29f0d-8f06-4f3e-9a2b-07d973ed352e'),
       (8, 'Môi trường làm việc thân thiện chuyên nghiệp',
        '2023-05-04 00:00:00',
        'Trở thành nhân viên đa nhiệm, đa năng, đảm đương mọi công việc tại siêu thị một cách xuất sắc nhất (gia tăng năng suất, một nhân viên làm tất cả các việc, sử dụng tối đa tác nghiệp qua smartphone). ',
        '2023-05-04 00:00:00', 'Bắt buộc sử dụng vi tính văn phòng (Word, Excel, PP, …)',
        NULL, '2024-05-06 00:00:00', 2, '77f29f0d-8f06-4f3e-9a2b-07d973ed352e'),
       (9, 'Môi trường làm việc thân thiện chuyên nghiệp',
        '2023-05-04 00:00:00', ' Hỗ trợ cài đặt phần mềm, hình ảnh, nhạc cho sản phẩm theo yêu cầu của khách hàng',
        '2023-05-04 00:00:00', 'communication skills, agility',
        NULL, '2024-05-08 00:00:00', 2, '77f29f0d-8f06-4f3e-9a2b-07d973ed352e'),
       (10, 'Môi trường làm việc thân thiện chuyên nghiệp',
        '2023-05-04 00:00:00', 'Quản lý, sắp xếp, trưng bày hàng hóa tại siêu thị gọn gàng, tươm tất',
        '2023-05-04 00:00:00', 'Có kinh nghiệm về Xuất nhập khẩu hàng hóa.',
        NULL, '2024-05-09 00:00:00', 2, '893f44a2-111e-4cea-925b-938d38e3b836'),
       (11, 'Môi trường làm việc thân thiện chuyên nghiệp',
        '2023-05-04 00:00:00',
        'Tư vấn bán hàng, hỗ trợ và hướng dẫn Khách Hàng khi đến tham quan và mua sắm tại siêu thị',
        '2023-05-04 00:00:00', 'Bắt buộc sử dụng vi tính văn phòng (Word, Excel, PP, …)',
        NULL, '2024-05-08 00:00:00', 2, '893f44a2-111e-4cea-925b-938d38e3b836'),
       (12, 'Môi trường làm việc thân thiện chuyên nghiệp',
        '2023-05-04 00:00:00', 'Trang trí sản phẩm ĐTDĐ cho Khách hàng [dán màn hình,..)',
        '2023-05-04 00:00:00', 'Ưu tiên có kinh nghiệm làm việc ở vị trí logistic hoặc mua hàng hoặc tương đương.',
        NULL, '2024-05-10 00:00:00', 2, 'b8035e8a-7a23-4f87-97ac-238d7eee236d'),
       (13, 'Môi trường làm việc thân thiện chuyên nghiệp',
        '2023-05-04 00:00:00',
        'Bạn là Nữ, tốt nghiệp THPT trở lên và có ngoại hình khá (cao từ 1m56 trở lên, tuổi từ 18-27)',
        '2023-05-04 00:00:00', ' Ability to withstand heavy workload pressure, fast pacing, multitasking.',
        NULL, '2024-05-05 00:00:00', 1, 'b8035e8a-7a23-4f87-97ac-238d7eee236d'),
       (14, 'Môi trường làm việc thân thiện chuyên nghiệp',
        '2023-05-04 00:00:00', 'Liên hệ, tương tác với nhà cung cấp cho việc đặt và mua hàng hóa theo yêu cầu.',
        '2023-05-04 00:00:00', ' Bắt buộc sử dụng vi tính văn phòng (Word, Excel, PP, …)',
        NULL, '2024-07-04 00:00:00', 1, 'cb2f35a3-8d14-41e7-941f-7bc09606d90b'),
       (15, 'Môi trường làm việc thân thiện chuyên nghiệp',
        '2023-05-04 00:00:00', 'Thực hiện văn bản (hợp đồng, công văn, thông báo , …) cho các phòng ban/ bộ phận',
        '2023-05-04 00:00:00', 'Sử dụng ERP MWG phần hành nhập/xuất/tồn và thanh toán là lợi thế.',
        NULL, '2024-05-04 00:00:00', 2, 'cb2f35a3-8d14-41e7-941f-7bc09606d90b'),
       (16, 'Môi trường làm việc thân thiện chuyên nghiệp',
        '2023-05-04 00:00:00',
        'Phụ trách tất cả vấn đề liên quan đến Mua hàng OEM của công ty dịch vụ lắp đặt sửa chữa bảo hành Tận Tâm (Điện Máy, Điện Lạnh, Điện gia dụng...)',
        '2023-05-04 00:00:00', 'Bắt buộc sử dụng vi tính văn phòng (Word, Excel, PP, …)',
        NULL, '2024-05-04 00:00:00', 1, 'cb2f35a3-8d14-41e7-941f-7bc09606d90b'),
       (17, 'Môi trường làm việc thân thiện chuyên nghiệp',
        '2023-05-04 00:00:00', 'Trông Xe - Bảo Quản Tài Sản ngoài bãi xe',
        '2023-05-04 00:00:00', 'Sử dụng ERP MWG phần hành nhập/xuất/tồn và thanh toán là lợi thế.',
        NULL, '2024-05-04 00:00:00', 2, '1b142c57-5abd-40ea-99a6-6c1bd5b8d86b'),
       (18, 'Môi trường làm việc thân thiện chuyên nghiệp',
        '2023-05-04 00:00:00',
        'Dắt - trông nom xe và đồ - sắp xếp xe cho khách, Vệ sinh Khu vực bãi xe , Trời nắng, mưa đều phải được bọc phủ yên xe',
        '2023-05-04 00:00:00', 'Sử dụng ERP MWG phần hành nhập/xuất/tồn và thanh toán là lợi thế.',
        NULL, '2024-05-04 00:00:00', 1, '1b142c57-5abd-40ea-99a6-6c1bd5b8d86b'),
       (19, 'Môi trường làm việc thân thiện chuyên nghiệp',
        '2023-05-04 00:00:00', 'Liên hệ, tương tác với nhà cung cấp cho việc đặt và mua hàng hóa theo yêu cầu.',
        '2023-05-04 00:00:00', 'Sử dụng ERP MWG phần hành nhập/xuất/tồn và thanh toán là lợi thế.',
        NULL, '2024-05-04 00:00:00', 1, '1b142c57-5abd-40ea-99a6-6c1bd5b8d86b'),
       (20, 'Môi trường làm việc thân thiện chuyên nghiệp',
        '2023-05-04 00:00:00', 'Thực hiện các báo cáo định kỳ hoặc theo yêu cầu',
        '2023-05-04 00:00:00', 'Sử dụng ERP MWG phần hành nhập/xuất/tồn và thanh toán là lợi thế.',
        NULL, '2024-05-04 00:00:00', 2, '1b142c57-5abd-40ea-99a6-6c1bd5b8d86b');

INSERT INTO `shop`
VALUES ('1b142c57-5abd-40ea-99a6-6c1bd5b8d86b',
        'Eleven là một thương hiệu đã quá nổi tiếng trên thế giới. Năm 2017 7.Eleven xuất hiện tại Việt Nam và được người tiêu dùng vô cùng đón nhận, hiện nay thì đây cũng là một cái tên được rất nhiều người biết',
        'Shop Bán Hàng', 'Uy3z8txHALNF43J9V1hXxlX33Os2'),
       ('77f29f0d-8f06-4f3e-9a2b-07d973ed352e',
        'Tại các thành phố lớn như Hà Nội, TP.Hồ Chí Minh bạn dễ dàng có thể tìm được cái tên này, nhất là đối với các bạn trẻ. Đây là một thương hiệu bán lẻ nổi tiếng trên toàn thế giới bởi chất lượng sản phẩm',
        'Shop Bán Hàng', 't7maa0qYnhUjhK0n6eUYNvwsgEr1'),
       ('893f44a2-111e-4cea-925b-938d38e3b836',
        'là hệ thống siêu thị thuộc tập đoàn VinGroup, Việt Nam. Thuộc sở hữu của một Tập đoàn vô cùng có uy tín tại Việt Nam kinh doanh trong rất nhiều lĩnh vực',
        'Shop Bán Hàng', 'eST4k1Y5o1g5CDHek9wGSjbyfFA3'),
       ('b8035e8a-7a23-4f87-97ac-238d7eee236d',
        'Family Mart là hệ thống cửa hàng tiện lợn của Nhật theo mô hình bán lẻ hoàn toàn mới với kinh nghiệm hoạt động trên 30 năm. Hiện nay, tại Việt Nam',
        'Shop Văn Phòng', 'moIkAcoRmxQfBdYj0DUltFhxyyn1'),
       ('cb2f35a3-8d14-41e7-941f-7bc09606d90b',
        'GS25 là chuỗi cửa hàng tiện lợi sinh sau đẻ muộn tại Việt Nam nhưng nói về độ hot thì không hề kém so với các thương hiệu khác.',
        'Shop Văn Phòng', 'AFv78KupgVVAHl7BLMyNmaomkxG2');


INSERT INTO `wallet`
VALUES ('4e4df084-03c7-489c-b054-69799392ba1c',
        1248.73, 'eST4k1Y5o1g5CDHek9wGSjbyfFA3'),
       ('9f5d9dd0-bfe4-4710-a409-99718ce6e9ab',
        7972.92, 'Uy3z8txHALNF43J9V1hXxlX33Os2');

